SIMPLE, GAME, SCORE, USER
Amino Acid,SelectorGame,100,gazheng
Amino Acid,SelectorGame,0,gazheng
Amino Acid,SelectorGame,34,gazheng
Amino Acid,TypingGame,100,gazheng
Amino Acid,TypingGame,67,gazheng
Fish Heart,SelectorGame,0,gazheng
Amino Acid,SelectorGame,34,moneal
Fish Heart,TypingGame,0,pstdenis
Bird or Mammal Heart,SelectorGame,100,rpscott
Eudicot Stem,TypingGame,67,lpao
Amino Acid,SelectorGame,100,animartin
Bird or Mammal Heart,TypingGame,100,mkale
Bird or Mammal Heart,SelectorGame,67,mkale
Amino Acid,SelectorGame,100,sbasir
Amphibian Heart,SelectorGame,100,sbasir
Amino Acid,SelectorGame,100,blekperaj
Amphibian Heart,SelectorGame,100,blekperaj
Bird or Mammal Heart,SelectorGame,67,blekperaj
Bird or Mammal Heart,SelectorGame,100,blekperaj
Fish Heart,TypingGame,0,pstdenis
Fish Heart,SelectorGame,0,pstdenis
Fish Heart,TypingGame,0,pstdenis
Flower,SelectorGame,0,pstdenis
DNA Structure,SelectorGame,67,blekperaj
DNA Structure,SelectorGame,100,blekperaj
Bird or Mammal Heart,SelectorGame,100,blekperaj
Bird or Mammal Heart,SelectorGame,67,jmoises
Bird or Mammal Heart,SelectorGame,100,jmoises
Bird or Mammal Heart,TypingGame,100,ebutlerbasne
Bird or Mammal Heart,SelectorGame,67,ebutlerbasne
Bird or Mammal Heart,SelectorGame,34,mumkhan
Bird or Mammal Heart,TypingGame,100,jmnewman
Amino Acid,SelectorGame,100,gpaniccia
Amino Acid,TypingGame,100,gpaniccia
DNA Structure,TypingGame,67,gpaniccia
Amino Acid,TypingGame,67,shcchoi
Amphibian Heart,TypingGame,100,shcchoi
Bird or Mammal Heart,TypingGame,100,shcchoi
DNA Structure,TypingGame,67,shcchoi
Amphibian Heart,TypingGame,67,cltse
Amphibian Heart,SelectorGame,67,cltse
Amino Acid,SelectorGame,100,jigeorge
Amino Acid,TypingGame,0,jigeorge
Bird or Mammal Heart,SelectorGame,67,jigeorge
Bird or Mammal Heart,TypingGame,100,mmilhaven
Bird or Mammal Heart,SelectorGame,100,pspencer
Amino Acid,SelectorGame,100,sclynch
Bird or Mammal Heart,SelectorGame,100,akuruvilla
Bird or Mammal Heart,SelectorGame,67,shcchoi
Bird or Mammal Heart,SelectorGame,100,ddayen
Bird or Mammal Heart,SelectorGame,67,sprutchenko
Bird or Mammal Heart,TypingGame,34,sprutchenko
Bird or Mammal Heart,TypingGame,100,sprutchenko
Amino Acid,SelectorGame,100,siysun
Bird or Mammal Heart,SelectorGame,100,egoradia
Amphibian Heart,TypingGame,34,harzhou
Amphibian Heart,SelectorGame,0,harzhou
Amphibian Heart,SelectorGame,34,harzhou
Amphibian Heart,SelectorGame,67,harzhou
Bird or Mammal Heart,SelectorGame,100,davidrodrigu
Bird or Mammal Heart,SelectorGame,34,anjsmith
Bird or Mammal Heart,SelectorGame,100,anjsmith
Bird or Mammal Heart,TypingGame,100,anjsmith
Bird or Mammal Heart,TypingGame,100,anjsmith
Amino Acid,TypingGame,100,naislam
Amino Acid,SelectorGame,67,naislam
Amino Acid,SelectorGame,100,naislam
Bird or Mammal Heart,SelectorGame,34,naislam
DNA Structure,SelectorGame,0,siysun
DNA Structure,SelectorGame,100,siysun
Bird or Mammal Heart,SelectorGame,100,lyuan
Bird or Mammal Heart,TypingGame,67,snqureshi
Bird or Mammal Heart,SelectorGame,100,snqureshi
Bird or Mammal Heart,SelectorGame,67,wgolda
Bird or Mammal Heart,SelectorGame,100,wgolda
Bird or Mammal Heart,TypingGame,100,mkale
Bird or Mammal Heart,SelectorGame,100,smkeane
Bird or Mammal Heart,TypingGame,100,smkeane
Bird or Mammal Heart,SelectorGame,67,ikernin
Bird or Mammal Heart,TypingGame,100,ikernin
Amino Acid,TypingGame,0,carty
Bird or Mammal Heart,SelectorGame,67,jooykim
Bird or Mammal Heart,SelectorGame,100,hjaw
Bird or Mammal Heart,SelectorGame,34,siysun
Bird or Mammal Heart,SelectorGame,67,ccuesto
Amino Acid,SelectorGame,34,gpetilli
Amino Acid,SelectorGame,67,gpetilli
Amino Acid,SelectorGame,67,gpetilli
Amino Acid,SelectorGame,100,gpetilli
DNA Structure,SelectorGame,0,gpetilli
DNA Structure,SelectorGame,34,gpetilli
Bird or Mammal Heart,SelectorGame,100,gpetilli
Bird or Mammal Heart,SelectorGame,34,anahiyaannav
Bird or Mammal Heart,SelectorGame,67,momacdonald
Flower,SelectorGame,34,moneal
Phylogenetic Tree,TypingGame,0,adrthompson
Phylogenetic Tree,TypingGame,34,adrthompson
Phylogenetic Tree,SelectorGame,100,adrthompson
Monocot Root,SelectorGame,0,barena
Monocot Root,SelectorGame,0,barena
Monocot Root,SelectorGame,0,barena
Monocot Root,SelectorGame,67,barena
Monocot Root,SelectorGame,100,barena
Monocot Stem,SelectorGame,67,barena
Eudicot Root,SelectorGame,0,barena
Eudicot Root,SelectorGame,34,barena
Phylogenetic Tree,SelectorGame,100,aorlassino
Monocot Stem,SelectorGame,67,aorlassino
Amino Acid,TypingGame,100,nicampbell
Amino Acid,SelectorGame,100,nicampbell
Eudicot Stem,TypingGame,34,zboorin
Eudicot Stem,TypingGame,67,zboorin
Eudicot Stem,TypingGame,100,zboorin
Human Respiratory System,TypingGame,0,zboorin
Flower,TypingGame,0,mkanabar
Amino Acid,TypingGame,100,matlagh
Amino Acid,SelectorGame,100,matlagh
Amphibian Heart,SelectorGame,100,matlagh
Bird or Mammal Heart,SelectorGame,0,matlagh
Bird or Mammal Heart,SelectorGame,100,matlagh
DNA Structure,SelectorGame,0,matlagh
DNA Structure,SelectorGame,0,matlagh
DNA Structure,SelectorGame,0,matlagh
DNA Structure,SelectorGame,34,matlagh
Eudicot Stem,SelectorGame,34,rapincus
Amino Acid,SelectorGame,100,kriruiz
Amino Acid,TypingGame,100,dmossman
Amphibian Heart,SelectorGame,100,dmossman
Phylogenetic Tree,SelectorGame,67,spshaji
DNA Structure,SelectorGame,0,dmossman
DNA Structure,SelectorGame,67,dmossman
Flower,SelectorGame,0,kfleissner
Flower,SelectorGame,67,kfleissner
Flower,TypingGame,100,kfleissner
Monocot Root,SelectorGame,100,kfleissner
Monocot Root,TypingGame,67,kfleissner
Monocot Stem,SelectorGame,100,kfleissner
Monocot Stem,TypingGame,67,kfleissner
Eudicot Stem,SelectorGame,100,kfleissner
Eudicot Stem,TypingGame,67,kfleissner
Phylogenetic Tree,SelectorGame,34,kfleissner
Eudicot Root,SelectorGame,100,kfleissner
Eudicot Root,TypingGame,100,kfleissner
Eudicot Root,TypingGame,100,kfleissner
Human Respiratory System,SelectorGame,67,kfleissner
Human Excretory System,SelectorGame,67,kfleissner
Amino Acid,SelectorGame,100,sfrancus
Amino Acid,TypingGame,34,sfrancus
Amino Acid,SelectorGame,100,sfrancus
Amphibian Heart,SelectorGame,100,sfrancus
Bird or Mammal Heart,SelectorGame,67,sfrancus
DNA Structure,SelectorGame,100,dmossman
Human Respiratory System,SelectorGame,0,jaocasio
Human Respiratory System,SelectorGame,0,jaocasio
Human Respiratory System,SelectorGame,34,jaocasio
Amino Acid,SelectorGame,100,kccronin
Amino Acid,TypingGame,100,jmarchelos
Phylogenetic Tree,SelectorGame,100,aorlassino
Flower,SelectorGame,0,aorlassino
Flower,SelectorGame,0,aorlassino
Flower,SelectorGame,34,aorlassino
Amino Acid,SelectorGame,67,aorlassino
Amino Acid,SelectorGame,100,yuanlin
Amphibian Heart,SelectorGame,100,yuanlin
Bird or Mammal Heart,SelectorGame,100,yuanlin
DNA Structure,SelectorGame,100,yuanlin
Amino Acid,SelectorGame,67,jmarchelos
Amino Acid,SelectorGame,100,jmarchelos
Amphibian Heart,SelectorGame,0,jmarchelos
Amphibian Heart,SelectorGame,67,jmarchelos
Amphibian Heart,TypingGame,100,jmarchelos
Bird or Mammal Heart,TypingGame,100,jmarchelos
DNA Structure,SelectorGame,100,jmarchelos
Eudicot Root,SelectorGame,34,jmarchelos
Eudicot Root,SelectorGame,0,jmarchelos
Eudicot Root,TypingGame,100,jmarchelos
Fish Heart,SelectorGame,67,jmarchelos
Fish Heart,SelectorGame,100,jmarchelos
Fish Heart,TypingGame,100,jmarchelos
Fish Heart,TypingGame,100,jmarchelos
Flower,SelectorGame,0,jmarchelos
Flower,SelectorGame,100,jmarchelos
Flower,SelectorGame,100,jmarchelos
Flower,TypingGame,100,jmarchelos
Flower,TypingGame,100,jmarchelos
Amino Acid,TypingGame,100,jmarchelos
Amphibian Heart,TypingGame,100,jmarchelos
Bird or Mammal Heart,TypingGame,100,jmarchelos
DNA Structure,SelectorGame,100,jmarchelos
Eudicot Root,TypingGame,100,jmarchelos
Fish Heart,TypingGame,100,jmarchelos
Flower,TypingGame,100,jmarchelos
Free Energy Diagram,SelectorGame,100,jmarchelos
Free Energy Diagram,TypingGame,67,jmarchelos
Free Energy Diagram,TypingGame,100,jmarchelos
Free Energy Diagram,TypingGame,100,jmarchelos
Human Excretory System,SelectorGame,67,jmarchelos
Human Excretory System,SelectorGame,100,jmarchelos
Human Respiratory System,SelectorGame,0,jmarchelos
Human Respiratory System,SelectorGame,0,jmarchelos
Human Respiratory System,SelectorGame,34,jmarchelos
Human Respiratory System,SelectorGame,34,jmarchelos
Human Respiratory System,SelectorGame,100,jmarchelos
Human Respiratory System,TypingGame,67,jmarchelos
Monocot Root,TypingGame,100,jmarchelos
Phylogenetic Tree,SelectorGame,67,jmarchelos
Phylogenetic Tree,SelectorGame,100,jmarchelos
Eudicot Stem,SelectorGame,100,jmarchelos
Eudicot Stem,TypingGame,100,jmarchelos
Amino Acid,TypingGame,100,jmarchelos
Amphibian Heart,TypingGame,100,jmarchelos
Bird or Mammal Heart,TypingGame,100,jmarchelos
DNA Structure,SelectorGame,100,jmarchelos
Eudicot Root,TypingGame,100,jmarchelos
Fish Heart,TypingGame,100,jmarchelos
Flower,TypingGame,100,jmarchelos
Flower,TypingGame,100,jmarchelos
Free Energy Diagram,TypingGame,100,jmarchelos
Human Excretory System,TypingGame,100,jmarchelos
Human Respiratory System,TypingGame,100,jmarchelos
Monocot Root,TypingGame,100,jmarchelos
Monocot Stem,TypingGame,100,jmarchelos
Amino Acid,SelectorGame,100,muhossain
Amino Acid,SelectorGame,100,muhossain
Amphibian Heart,SelectorGame,34,muhossain
Bird or Mammal Heart,SelectorGame,100,muhossain
DNA Structure,SelectorGame,100,dmossman
DNA Structure,SelectorGame,0,muhossain
DNA Structure,SelectorGame,67,muhossain
Eudicot Root,SelectorGame,0,muhossain
Eudicot Root,SelectorGame,100,muhossain
Fish Heart,SelectorGame,100,muhossain
Flower,SelectorGame,34,muhossain
Flower,SelectorGame,34,muhossain
Flower,SelectorGame,100,muhossain
Free Energy Diagram,SelectorGame,67,muhossain
Human Excretory System,SelectorGame,100,muhossain
Flower,SelectorGame,0,sfrancus
Flower,SelectorGame,100,jegarrido
Flower,TypingGame,34,jegarrido
Flower,SelectorGame,0,jegarrido
Flower,SelectorGame,100,jegarrido
Eudicot Root,SelectorGame,0,rhossan
Eudicot Root,SelectorGame,67,rhossan
Eudicot Root,SelectorGame,100,rhossan
Eudicot Stem,SelectorGame,67,jvaquero
Eudicot Root,SelectorGame,100,rhossan
Eudicot Stem,SelectorGame,67,rhossan
Eudicot Stem,SelectorGame,67,rhossan
Eudicot Stem,SelectorGame,100,rhossan
Monocot Root,SelectorGame,67,rhossan
Monocot Stem,SelectorGame,100,rhossan
Phylogenetic Tree,SelectorGame,67,rhossan
Flower,SelectorGame,0,rhossan
Flower,SelectorGame,100,rhossan
Amino Acid,SelectorGame,100,yirtian
Amino Acid,TypingGame,100,yirtian
Amphibian Heart,SelectorGame,100,yirtian
Amphibian Heart,TypingGame,100,yirtian
Bird or Mammal Heart,SelectorGame,0,yirtian
Bird or Mammal Heart,SelectorGame,67,yirtian
Bird or Mammal Heart,TypingGame,100,yirtian
DNA Structure,SelectorGame,0,yirtian
DNA Structure,SelectorGame,100,yirtian
Fish Heart,SelectorGame,34,yirtian
Fish Heart,SelectorGame,100,yirtian
Flower,SelectorGame,67,yirtian
Free Energy Diagram,SelectorGame,100,yirtian
Human Excretory System,SelectorGame,0,yirtian
Human Excretory System,SelectorGame,100,yirtian
Human Respiratory System,SelectorGame,0,yirtian
Human Respiratory System,SelectorGame,0,yirtian
Monocot Root,SelectorGame,67,yirtian
Monocot Root,SelectorGame,100,yirtian
Monocot Stem,SelectorGame,67,yirtian
Phylogenetic Tree,SelectorGame,100,yirtian
Eudicot Stem,SelectorGame,67,yirtian
Amino Acid,SelectorGame,100,muhossain
Human Respiratory System,SelectorGame,34,muhossain
Human Respiratory System,SelectorGame,100,muhossain
Monocot Root,SelectorGame,67,muhossain
Monocot Stem,SelectorGame,100,muhossain
Phylogenetic Tree,SelectorGame,100,muhossain
Eudicot Stem,SelectorGame,100,muhossain
Eudicot Root,SelectorGame,0,aorlassino
Eudicot Root,SelectorGame,100,aorlassino
DNA Structure,SelectorGame,0,aorlassino
DNA Structure,SelectorGame,67,aorlassino
Amino Acid,TypingGame,100,harchan
Amino Acid,SelectorGame,100,aorlassino
DNA Structure,SelectorGame,67,aorlassino
Amino Acid,TypingGame,100,kriruiz
Amino Acid,SelectorGame,100,kriruiz
Amphibian Heart,SelectorGame,67,kriruiz
Amphibian Heart,TypingGame,100,kriruiz
Bird or Mammal Heart,SelectorGame,67,kriruiz
Bird or Mammal Heart,TypingGame,100,kriruiz
DNA Structure,TypingGame,0,kriruiz
DNA Structure,TypingGame,34,kriruiz
Eudicot Root,TypingGame,34,kriruiz
Eudicot Root,TypingGame,100,kriruiz
Eudicot Root,TypingGame,100,kriruiz
Eudicot Root,SelectorGame,100,kriruiz
Eudicot Root,TypingGame,100,kriruiz
Eudicot Stem,TypingGame,100,kriruiz
Eudicot Stem,TypingGame,100,kriruiz
Monocot Root,TypingGame,100,kriruiz
Monocot Root,TypingGame,100,kriruiz
Monocot Stem,TypingGame,100,kriruiz
Fish Heart,TypingGame,100,kriruiz
Fish Heart,TypingGame,100,kriruiz
Fish Heart,TypingGame,100,kriruiz
Flower,TypingGame,100,kriruiz
Flower,TypingGame,100,kriruiz
Flower,TypingGame,100,kriruiz
Flower,TypingGame,100,kriruiz
Free Energy Diagram,SelectorGame,100,kriruiz
Human Excretory System,TypingGame,100,kriruiz
Human Excretory System,TypingGame,67,kriruiz
Human Excretory System,TypingGame,100,kriruiz
Human Excretory System,TypingGame,100,kriruiz
Human Respiratory System,TypingGame,100,kriruiz
Human Respiratory System,TypingGame,100,kriruiz
Human Respiratory System,TypingGame,100,kriruiz
Phylogenetic Tree,TypingGame,100,kriruiz
Amino Acid,TypingGame,100,jehopkins
Eudicot Stem,TypingGame,34,jelvincent
Amino Acid,SelectorGame,34,jelvincent
Flower,SelectorGame,0,yirtian
Flower,SelectorGame,67,yirtian
Monocot Stem,TypingGame,67,kriruiz
Monocot Stem,TypingGame,67,kriruiz
Monocot Stem,TypingGame,100,kriruiz
Monocot Stem,TypingGame,100,kriruiz
Amino Acid,SelectorGame,100,jboble
Amphibian Heart,SelectorGame,100,jboble
Bird or Mammal Heart,SelectorGame,100,jboble
DNA Structure,SelectorGame,0,jboble
DNA Structure,SelectorGame,100,jboble
Eudicot Root,SelectorGame,100,jboble
Eudicot Stem,SelectorGame,34,ffarooqui
Amino Acid,SelectorGame,100,aorlassino
Amphibian Heart,SelectorGame,67,aorlassino
Bird or Mammal Heart,SelectorGame,0,aorlassino
DNA Structure,SelectorGame,0,aorlassino
DNA Structure,SelectorGame,0,aorlassino
DNA Structure,SelectorGame,34,aorlassino
Eudicot Root,SelectorGame,0,aorlassino
Eudicot Root,SelectorGame,67,aorlassino
Flower,SelectorGame,34,aorlassino
Monocot Root,SelectorGame,0,aorlassino
Monocot Root,SelectorGame,67,aorlassino
Monocot Stem,SelectorGame,34,aorlassino
Eudicot Stem,SelectorGame,0,aorlassino
Amino Acid,SelectorGame,67,jbhattacharj
Amino Acid,TypingGame,67,mheiba
Amino Acid,SelectorGame,67,mheiba
Amino Acid,SelectorGame,100,mheiba
Amphibian Heart,SelectorGame,34,mheiba
Amphibian Heart,SelectorGame,100,mheiba
Bird or Mammal Heart,SelectorGame,0,mheiba
Bird or Mammal Heart,SelectorGame,67,mheiba
DNA Structure,SelectorGame,67,mheiba
Eudicot Root,SelectorGame,67,mheiba
Fish Heart,SelectorGame,0,mheiba
Flower,SelectorGame,0,mheiba
Flower,SelectorGame,100,mheiba
Fish Heart,SelectorGame,67,jboble
Flower,SelectorGame,34,jboble
Free Energy Diagram,SelectorGame,67,jboble
Monocot Root,SelectorGame,100,jboble
Monocot Stem,SelectorGame,100,jboble
Phylogenetic Tree,SelectorGame,100,jboble
Amino Acid,SelectorGame,100,jboble
Amphibian Heart,SelectorGame,100,jboble
Bird or Mammal Heart,SelectorGame,100,jboble
DNA Structure,SelectorGame,34,jboble
Monocot Root,SelectorGame,67,matlagh
DNA Structure,SelectorGame,100,jboble
Eudicot Root,SelectorGame,34,jboble
Eudicot Root,SelectorGame,67,jboble
Flower,SelectorGame,67,jboble
Amino Acid,SelectorGame,100,adangol
Amino Acid,TypingGame,67,adangol
Amphibian Heart,SelectorGame,67,adangol
Bird or Mammal Heart,SelectorGame,0,adangol
Bird or Mammal Heart,SelectorGame,67,adangol
DNA Structure,SelectorGame,0,adangol
DNA Structure,SelectorGame,0,adangol
Amino Acid,SelectorGame,100,chgiordanell
Amphibian Heart,SelectorGame,0,chgiordanell
Amphibian Heart,SelectorGame,100,chgiordanell
Bird or Mammal Heart,SelectorGame,34,chgiordanell
DNA Structure,SelectorGame,67,chgiordanell
Flower,SelectorGame,0,rhossan
Flower,SelectorGame,34,rhossan
Flower,SelectorGame,100,rhossan
Amino Acid,SelectorGame,100,rhossan
Eudicot Root,SelectorGame,0,chgiordanell
Eudicot Root,SelectorGame,34,chgiordanell
Fish Heart,SelectorGame,0,chgiordanell
Fish Heart,SelectorGame,34,chgiordanell
Flower,SelectorGame,100,chgiordanell
Free Energy Diagram,SelectorGame,0,chgiordanell
Free Energy Diagram,SelectorGame,100,chgiordanell
Monocot Stem,SelectorGame,100,ffarooqui
Human Excretory System,SelectorGame,0,chgiordanell
Human Excretory System,SelectorGame,0,chgiordanell
Human Excretory System,SelectorGame,100,chgiordanell
Human Respiratory System,SelectorGame,34,chgiordanell
Monocot Root,SelectorGame,34,chgiordanell
Eudicot Root,SelectorGame,34,ffarooqui
Monocot Stem,SelectorGame,100,chgiordanell
Phylogenetic Tree,SelectorGame,100,chgiordanell
Amphibian Heart,SelectorGame,100,muhossain
Bird or Mammal Heart,SelectorGame,100,muhossain
DNA Structure,SelectorGame,100,muhossain
Fish Heart,SelectorGame,100,muhossain
Amino Acid,TypingGame,100,mebad
Amino Acid,SelectorGame,100,mebad
Amphibian Heart,TypingGame,100,mebad
Amphibian Heart,SelectorGame,100,mebad
Bird or Mammal Heart,TypingGame,67,mebad
Bird or Mammal Heart,TypingGame,100,mebad
Bird or Mammal Heart,SelectorGame,100,mebad
Amino Acid,SelectorGame,67,jpopovski
Amino Acid,TypingGame,100,jpopovski
DNA Structure,SelectorGame,0,jpopovski
DNA Structure,SelectorGame,100,jpopovski
Eudicot Root,SelectorGame,0,jpopovski
Eudicot Root,SelectorGame,100,jpopovski
Eudicot Root,SelectorGame,100,jpopovski
Flower,SelectorGame,100,jpopovski
Monocot Root,SelectorGame,67,jpopovski
Monocot Root,SelectorGame,100,jpopovski
Monocot Stem,SelectorGame,100,jpopovski
Eudicot Stem,SelectorGame,100,jpopovski
Amino Acid,TypingGame,100,aorlassino
Amino Acid,SelectorGame,100,aorlassino
DNA Structure,SelectorGame,100,aorlassino
Eudicot Root,SelectorGame,34,aorlassino
Eudicot Root,SelectorGame,100,aorlassino
Flower,SelectorGame,100,aorlassino
Monocot Root,SelectorGame,100,aorlassino
Amino Acid,SelectorGame,100,jboble
Eudicot Stem,SelectorGame,67,jboble
Monocot Stem,SelectorGame,67,jboble
Monocot Root,SelectorGame,0,jboble
Monocot Root,SelectorGame,100,jboble
Flower,SelectorGame,34,jboble
Fish Heart,SelectorGame,100,jboble
Bird or Mammal Heart,SelectorGame,100,jboble
Human Respiratory System,SelectorGame,0,jboble
DNA Structure,SelectorGame,67,jboble
Flower,SelectorGame,100,jboble
Amino Acid,SelectorGame,100,yirtian
DNA Structure,TypingGame,67,mebad
Amphibian Heart,SelectorGame,100,yirtian
DNA Structure,SelectorGame,100,mebad
Bird or Mammal Heart,SelectorGame,100,yirtian
DNA Structure,SelectorGame,100,yirtian
Eudicot Root,SelectorGame,67,mebad
Eudicot Root,SelectorGame,100,mebad
Eudicot Root,SelectorGame,100,yirtian
Fish Heart,SelectorGame,100,yirtian
Fish Heart,SelectorGame,100,mebad
Flower,SelectorGame,67,yirtian
Free Energy Diagram,SelectorGame,100,yirtian
Flower,SelectorGame,100,mebad
Flower,SelectorGame,67,mebad
Free Energy Diagram,SelectorGame,100,mebad
Human Excretory System,SelectorGame,67,mebad
Human Excretory System,SelectorGame,100,mebad
Human Respiratory System,SelectorGame,0,yirtian
Human Respiratory System,SelectorGame,0,yirtian
Human Respiratory System,SelectorGame,100,yirtian
Monocot Root,SelectorGame,100,mebad
Amino Acid,SelectorGame,100,gmonti
Monocot Stem,SelectorGame,100,mebad
Amphibian Heart,SelectorGame,67,gmonti
Bird or Mammal Heart,SelectorGame,100,gmonti
Eudicot Stem,SelectorGame,100,mebad
DNA Structure,SelectorGame,100,gmonti
Eudicot Root,SelectorGame,100,gmonti
Fish Heart,SelectorGame,100,gmonti
Flower,SelectorGame,67,gmonti
Free Energy Diagram,SelectorGame,100,gmonti
Human Excretory System,SelectorGame,100,gmonti
Human Respiratory System,SelectorGame,67,gmonti
Monocot Root,SelectorGame,100,gmonti
Monocot Stem,SelectorGame,100,gmonti
Eudicot Stem,SelectorGame,100,gmonti
Eudicot Root,SelectorGame,67,aorlassino
Monocot Root,SelectorGame,67,aorlassino
Monocot Root,SelectorGame,67,jboble
Eudicot Root,SelectorGame,100,jboble
DNA Structure,SelectorGame,100,aorlassino
Monocot Stem,SelectorGame,67,jboble
Amino Acid,SelectorGame,100,jsyong
Amphibian Heart,SelectorGame,34,jsyong
Amphibian Heart,SelectorGame,100,jsyong
Amphibian Heart,SelectorGame,100,maboyd
Amino Acid,SelectorGame,100,ctondo
Bird or Mammal Heart,SelectorGame,0,jsyong
Amphibian Heart,SelectorGame,100,ctondo
DNA Structure,SelectorGame,0,jsyong
DNA Structure,SelectorGame,34,maboyd
DNA Structure,SelectorGame,0,jsyong
Eudicot Root,SelectorGame,0,maboyd
Flower,SelectorGame,100,maboyd
Eudicot Root,SelectorGame,67,jsyong
Monocot Stem,SelectorGame,0,maboyd
Monocot Root,SelectorGame,100,maboyd
Amino Acid,TypingGame,100,npyun
Amino Acid,SelectorGame,100,npyun
Flower,SelectorGame,100,jsyong
Phylogenetic Tree,SelectorGame,34,maboyd
DNA Structure,TypingGame,0,npyun
Eudicot Stem,SelectorGame,100,maboyd
DNA Structure,SelectorGame,67,npyun
Phylogenetic Tree,SelectorGame,100,jsyong
Eudicot Root,SelectorGame,0,npyun
Monocot Root,SelectorGame,67,jsyong
Eudicot Root,SelectorGame,67,npyun
Monocot Stem,SelectorGame,67,jsyong
Flower,SelectorGame,0,npyun
Flower,SelectorGame,67,npyun
Eudicot Stem,SelectorGame,67,jsyong
Amino Acid,SelectorGame,100,kfleissner
Amino Acid,TypingGame,67,kfleissner
Eudicot Stem,SelectorGame,67,rhossan
Eudicot Stem,SelectorGame,67,kfleissner
Amino Acid,SelectorGame,67,rhossan
Monocot Root,SelectorGame,67,kfleissner
DNA Structure,SelectorGame,0,kfleissner
Monocot Root,TypingGame,100,kriruiz
Eudicot Root,TypingGame,100,kriruiz
Flower,TypingGame,100,kriruiz
Bird or Mammal Heart,SelectorGame,67,jsyong
Monocot Stem,TypingGame,0,zboorin
Flower,TypingGame,0,zboorin
Flower,SelectorGame,0,zboorin
Flower,SelectorGame,0,zboorin
Flower,TypingGame,0,zboorin
Flower,TypingGame,0,zboorin
Flower,TypingGame,0,zboorin
Amino Acid,TypingGame,0,aripa
Amino Acid,TypingGame,0,kkobra
Amino Acid,TypingGame,0,kkobra
Amino Acid,SelectorGame,67,kkobra
Amino Acid,SelectorGame,100,kkobra
Amphibian Heart,SelectorGame,100,kkobra
Amphibian Heart,TypingGame,0,kkobra
Bird or Mammal Heart,SelectorGame,100,kkobra
DNA Structure,SelectorGame,100,kkobra
Eudicot Root,SelectorGame,100,kkobra
Eudicot Root,SelectorGame,100,kkobra
Eudicot Root,SelectorGame,100,kkobra
Fish Heart,SelectorGame,100,kkobra
Flower,SelectorGame,34,kkobra
Flower,SelectorGame,100,kkobra
Free Energy Diagram,SelectorGame,100,kkobra
Human Excretory System,SelectorGame,100,kkobra
Human Respiratory System,SelectorGame,0,kkobra
Human Respiratory System,SelectorGame,0,kkobra
Human Respiratory System,SelectorGame,67,kkobra
Bird or Mammal Heart,SelectorGame,100,jsyong
Bird or Mammal Heart,SelectorGame,100,jsyong
Amino Acid,SelectorGame,100,jsyong
Flower,TypingGame,0,pstdenis
Fish Heart,SelectorGame,0,rasondhi
Flower,SelectorGame,0,rasondhi
Amphibian Heart,TypingGame,0,rasondhi
Amino Acid,SelectorGame,67,brfitzsimons
Human Respiratory System,SelectorGame,0,brfitzsimons
Amino Acid,SelectorGame,100,hequ
Bird or Mammal Heart,SelectorGame,34,mkouspos
DNA Structure,SelectorGame,0,mkouspos
DNA Structure,SelectorGame,0,mkouspos
Amino Acid,TypingGame,34,shahchowdhur
Bird or Mammal Heart,SelectorGame,67,shahchowdhur
Eudicot Root,TypingGame,0,pstdenis
Human Excretory System,SelectorGame,0,pstdenis
Amino Acid,TypingGame,67,rthaker
Fish Heart,TypingGame,0,rasondhi
Amino Acid,TypingGame,0,rasondhi
Amino Acid,TypingGame,0,rasondhi
Amino Acid,TypingGame,0,rasondhi
Amino Acid,TypingGame,0,rasondhi
Amino Acid,TypingGame,-164,rasondhi
Amino Acid,TypingGame,0,rasondhi
Amino Acid,TypingGame,0,rasondhi
Amino Acid,TypingGame,0,rasondhi
Amino Acid,TypingGame,0,rasondhi
